{
  "results": [
    {
      "command": "/home/neb/poly/csc-431-compilers/benchmarks/cNoOpt/benchmarks/creativeBenchMarkName/creativeBenchMarkName < /home/neb/poly/csc-431-compilers/benchmarks/cNoOpt/benchmarks/creativeBenchMarkName/input",
      "mean": 2.67323366884,
      "stddev": 0.534460113178667,
      "median": 2.3742240046400003,
      "user": 2.6644743799999993,
      "system": 0.0024328,
      "min": 2.3293771801400003,
      "max": 3.71900998114,
      "times": [
        3.4937966831400002,
        3.71900998114,
        3.00215781214,
        2.33385910514,
        2.3537419771400003,
        2.39059287914,
        2.3578551301400004,
        2.4212557501400003,
        2.3293771801400003,
        2.3306901901400003
      ],
      "exit_codes": [
        0,
        0,
        0,
        0,
        0,
        0,
        0,
        0,
        0,
        0
      ],
      "parameters": {
        "TYPE": "cNoOpt"
      }
    },
    {
      "command": "/home/neb/poly/csc-431-compilers/benchmarks/cOpt/benchmarks/creativeBenchMarkName/creativeBenchMarkName < /home/neb/poly/csc-431-compilers/benchmarks/cOpt/benchmarks/creativeBenchMarkName/input",
      "mean": 0.0005045820399999991,
      "stddev": 0.00001664408461118975,
      "median": 0.000496347639999999,
      "user": 0.0007522840000000001,
      "system": 0.00042768000000000005,
      "min": 0.00048425413999999894,
      "max": 0.0005260081399999991,
      "times": [
        0.0004946641399999991,
        0.0005183031399999989,
        0.0005260081399999991,
        0.0004976591399999991,
        0.0004950361399999989,
        0.00048425413999999894,
        0.0004930391399999992,
        0.000525008139999999,
        0.00048801913999999913,
        0.000523829139999999
      ],
      "exit_codes": [
        0,
        0,
        0,
        0,
        0,
        0,
        0,
        0,
        0,
        0
      ],
      "parameters": {
        "TYPE": "cOpt"
      }
    },
    {
      "command": "/home/neb/poly/csc-431-compilers/benchmarks/stack/benchmarks/creativeBenchMarkName/creativeBenchMarkName < /home/neb/poly/csc-431-compilers/benchmarks/stack/benchmarks/creativeBenchMarkName/input",
      "mean": 0.0005795208399999991,
      "stddev": 0.000037384832759496994,
      "median": 0.0005667016399999991,
      "user": 0.0008795860000000001,
      "system": 0.00063478,
      "min": 0.0005407931399999989,
      "max": 0.000653055139999999,
      "times": [
        0.0006206161399999991,
        0.0006163321399999993,
        0.0005660321399999992,
        0.0005742401399999992,
        0.0005407931399999989,
        0.000653055139999999,
        0.0005673711399999991,
        0.000556347139999999,
        0.000547475139999999,
        0.0005529461399999989
      ],
      "exit_codes": [
        0,
        0,
        0,
        0,
        0,
        0,
        0,
        0,
        0,
        0
      ],
      "parameters": {
        "TYPE": "stack"
      }
    },
    {
      "command": "/home/neb/poly/csc-431-compilers/benchmarks/phi/benchmarks/creativeBenchMarkName/creativeBenchMarkName < /home/neb/poly/csc-431-compilers/benchmarks/phi/benchmarks/creativeBenchMarkName/input",
      "mean": 0.0005628173399999991,
      "stddev": 0.00003551853152244776,
      "median": 0.0005696406399999991,
      "user": 0.000894882,
      "system": 0.00023444000000000004,
      "min": 0.0005074231399999989,
      "max": 0.0006166751399999991,
      "times": [
        0.0005074231399999989,
        0.0005654271399999993,
        0.0005175751399999992,
        0.000579436139999999,
        0.000544597139999999,
        0.000573854139999999,
        0.0005382631399999992,
        0.0005814871399999993,
        0.0006166751399999991,
        0.0006034351399999993
      ],
      "exit_codes": [
        0,
        0,
        0,
        0,
        0,
        0,
        0,
        0,
        0,
        0
      ],
      "parameters": {
        "TYPE": "phi"
      }
    },
    {
      "command": "/home/neb/poly/csc-431-compilers/benchmarks/opt/benchmarks/creativeBenchMarkName/creativeBenchMarkName < /home/neb/poly/csc-431-compilers/benchmarks/opt/benchmarks/creativeBenchMarkName/input",
      "mean": 0.000570716939999999,
      "stddev": 0.000031293878030339746,
      "median": 0.0005635271399999991,
      "user": 0.0007796839999999999,
      "system": 0.00044550000000000004,
      "min": 0.0005395911399999993,
      "max": 0.0006504601399999993,
      "times": [
        0.0005519821399999989,
        0.000579642139999999,
        0.0005606181399999991,
        0.000543693139999999,
        0.0006504601399999993,
        0.0005806451399999993,
        0.0005734831399999991,
        0.0005661191399999989,
        0.0005609351399999993,
        0.0005395911399999993
      ],
      "exit_codes": [
        0,
        0,
        0,
        0,
        0,
        0,
        0,
        0,
        0,
        0
      ],
      "parameters": {
        "TYPE": "opt"
      }
    }
  ]
}
