{
  "results": [
    {
      "command": "/home/neb/poly/csc-431-compilers/benchmarks/cNoOpt/benchmarks/mixed/mixed < /home/neb/poly/csc-431-compilers/benchmarks/cNoOpt/benchmarks/mixed/input",
      "mean": 0.7752530308200001,
      "stddev": 0.06144533148173112,
      "median": 0.7500850665200001,
      "user": 0.7713386599999998,
      "system": 0.0022233879999999998,
      "min": 0.7139467095200001,
      "max": 0.91598416252,
      "times": [
        0.72131948852,
        0.7139467095200001,
        0.82218297652,
        0.91598416252,
        0.81726730352,
        0.7778733855200001,
        0.7539956925200001,
        0.73971155952,
        0.74407458952,
        0.74617444052
      ],
      "exit_codes": [
        0,
        0,
        0,
        0,
        0,
        0,
        0,
        0,
        0,
        0
      ],
      "parameters": {
        "TYPE": "cNoOpt"
      }
    },
    {
      "command": "/home/neb/poly/csc-431-compilers/benchmarks/cOpt/benchmarks/mixed/mixed < /home/neb/poly/csc-431-compilers/benchmarks/cOpt/benchmarks/mixed/input",
      "mean": 0.0011739991200000004,
      "stddev": 0.000018816152400412742,
      "median": 0.0011691005200000007,
      "user": 0.001048228,
      "system": 0.0006649399999999999,
      "min": 0.0011473505200000002,
      "max": 0.0012076425200000002,
      "times": [
        0.0012023285200000009,
        0.0011473505200000002,
        0.0011632835200000003,
        0.0011709275200000005,
        0.0011660875200000006,
        0.0012076425200000002,
        0.0011672735200000009,
        0.0011717645200000006,
        0.0011837885200000008,
        0.0011595445200000003
      ],
      "exit_codes": [
        0,
        0,
        0,
        0,
        0,
        0,
        0,
        0,
        0,
        0
      ],
      "parameters": {
        "TYPE": "cOpt"
      }
    },
    {
      "command": "/home/neb/poly/csc-431-compilers/benchmarks/stack/benchmarks/mixed/mixed < /home/neb/poly/csc-431-compilers/benchmarks/stack/benchmarks/mixed/input",
      "mean": 0.0015647711200000001,
      "stddev": 0.0000319864874602456,
      "median": 0.0015607815200000003,
      "user": 0.00156206,
      "system": 0.000381192,
      "min": 0.0015188805200000003,
      "max": 0.001617510520000001,
      "times": [
        0.001617510520000001,
        0.0016084765200000003,
        0.0015545665200000004,
        0.0015299555200000005,
        0.0015663885200000002,
        0.0015882025200000005,
        0.0015421675200000006,
        0.0015607495200000003,
        0.0015188805200000003,
        0.0015608135200000004
      ],
      "exit_codes": [
        0,
        0,
        0,
        0,
        0,
        0,
        0,
        0,
        0,
        0
      ],
      "parameters": {
        "TYPE": "stack"
      }
    },
    {
      "command": "/home/neb/poly/csc-431-compilers/benchmarks/phi/benchmarks/mixed/mixed < /home/neb/poly/csc-431-compilers/benchmarks/phi/benchmarks/mixed/input",
      "mean": 0.0017248750200000006,
      "stddev": 0.00021016143420620988,
      "median": 0.0016373480200000002,
      "user": 0.001443128,
      "system": 0.000814192,
      "min": 0.0015157255200000008,
      "max": 0.0020502215200000006,
      "times": [
        0.0016363485200000002,
        0.0015157255200000008,
        0.0020357305200000004,
        0.0015691215200000007,
        0.0016383475200000002,
        0.0020502215200000006,
        0.0015772705200000005,
        0.0015902615200000009,
        0.0019829395200000005,
        0.0016527835200000006
      ],
      "exit_codes": [
        0,
        0,
        0,
        0,
        0,
        0,
        0,
        0,
        0,
        0
      ],
      "parameters": {
        "TYPE": "phi"
      }
    },
    {
      "command": "/home/neb/poly/csc-431-compilers/benchmarks/opt/benchmarks/mixed/mixed < /home/neb/poly/csc-431-compilers/benchmarks/opt/benchmarks/mixed/input",
      "mean": 0.0016365876200000007,
      "stddev": 0.00016646984959675632,
      "median": 0.0015811780200000007,
      "user": 0.0012872280000000003,
      "system": 0.0007631399999999999,
      "min": 0.0015097975200000003,
      "max": 0.0020749295200000006,
      "times": [
        0.0015665295200000006,
        0.0015149775200000008,
        0.0016188325200000007,
        0.0015866135200000007,
        0.0020749295200000006,
        0.0015097975200000003,
        0.0015757425200000007,
        0.0015587495200000009,
        0.0016289785200000006,
        0.0017307255200000008
      ],
      "exit_codes": [
        0,
        0,
        0,
        0,
        0,
        0,
        0,
        0,
        0,
        0
      ],
      "parameters": {
        "TYPE": "opt"
      }
    }
  ]
}
