{
    "cNoOpt": {
        "mean": 0.0010838244400000006,
        "stddev": 0.0007319368085468997,
        "median": 0.0009664332000000006
    },
    "cOpt": {
        "mean": 0.0008119571400000007,
        "stddev": 0.0004136071134096303,
        "median": 0.0007050312000000003
    },
    "stack": {
        "mean": 0.0005291112400000005,
        "stddev": 8.061755707265026e-05,
        "median": 0.0005388937000000004
    },
    "phi": {
        "mean": 0.0006001046400000002,
        "stddev": 0.0007217094903394628,
        "median": 0.00042920820000000044
    },
    "opt": {
        "mean": 0.0006272214400000006,
        "stddev": 0.00038852106287879306,
        "median": 0.0005548017000000004
    }
}