{
    "cNoOpt": {
        "mean": 0.0010243354899999995,
        "stddev": 0.0007770979802065556,
        "median": 0.0008365547599999996
    },
    "cOpt": {
        "mean": 0.0015530538099999996,
        "stddev": 0.001244905418897959,
        "median": 0.0011421317599999998
    },
    "stack": {
        "mean": 0.001085121409999999,
        "stddev": 0.0006802519843500862,
        "median": 0.0009534752599999997
    },
    "phi": {
        "mean": 0.0007285576799999994,
        "stddev": 6.078333198663572e-05,
        "median": 0.0007398532599999993
    },
    "opt": {
        "mean": 0.0008307753299999993,
        "stddev": 0.0004355141712556667,
        "median": 0.0006847857599999996
    }
}