{
    "cNoOpt": {
        "mean": 0.0005489571899999997,
        "stddev": 4.207441375594153e-05,
        "median": 0.0005434889599999994
    },
    "cOpt": {
        "mean": 0.0008753319999999995,
        "stddev": 0.0009046133184247805,
        "median": 0.0006091294599999996
    },
    "stack": {
        "mean": 0.0006568318099999996,
        "stddev": 0.00013018674110019962,
        "median": 0.0006054394599999996
    },
    "phi": {
        "mean": 0.0006020881699999993,
        "stddev": 0.00015480148468628024,
        "median": 0.0005841854599999995
    },
    "opt": {
        "mean": 0.0007652079899999994,
        "stddev": 0.0006459054646280464,
        "median": 0.0006024969599999995
    }
}