{
    "cNoOpt": {
        "mean": 0.0008426134900000001,
        "stddev": 0.0005698182774415493,
        "median": 0.00072009598
    },
    "cOpt": {
        "mean": 0.0009378384300000001,
        "stddev": 0.0005639445281033985,
        "median": 0.00082256948
    },
    "stack": {
        "mean": 0.0008484766400000001,
        "stddev": 0.0005157714021339068,
        "median": 0.0007881319800000003
    },
    "phi": {
        "mean": 0.0010869956700000005,
        "stddev": 0.0008207048471600087,
        "median": 0.0009101509800000002
    },
    "opt": {
        "mean": 0.0008714616900000001,
        "stddev": 0.0003904339952133374,
        "median": 0.0007984879800000003
    }
}