{
    "cNoOpt": {
        "mean": 0.0011325605400000003,
        "stddev": 0.0007665366196890048,
        "median": 0.0009684461200000001
    },
    "cOpt": {
        "mean": 0.0009495413399999997,
        "stddev": 0.0004422675042130498,
        "median": 0.0008652431200000001
    },
    "stack": {
        "mean": 0.0014751740600000005,
        "stddev": 0.0012615349857916748,
        "median": 0.0011081496200000002
    },
    "phi": {
        "mean": 0.0011673901100000003,
        "stddev": 0.00038766109966798017,
        "median": 0.0011200696199999997
    },
    "opt": {
        "mean": 0.0011328326600000002,
        "stddev": 0.0005995895360730805,
        "median": 0.0010140151200000004
    }
}