{
    "cNoOpt": {
        "mean": 2.09172096854,
        "stddev": 0.03624826821970208,
        "median": 2.0858838645400004
    },
    "cOpt": {
        "mean": 0.00017096444000000042,
        "stddev": 1.4465479593770057e-05,
        "median": 0.0001772685400000004
    },
    "stack": {
        "mean": 0.0003063537400000004,
        "stddev": 4.050010071537549e-05,
        "median": 0.00030063454000000037
    },
    "phi": {
        "mean": 0.0009961878400000005,
        "stddev": 0.0011955351029423373,
        "median": 0.00040551954000000046
    },
    "opt": {
        "mean": 0.0011974370400000005,
        "stddev": 0.0014978643494931376,
        "median": 0.00043759804000000047
    }
}