{
    "cNoOpt": {
        "mean": 0.0025627843899999996,
        "stddev": 0.0018534971947907013,
        "median": 0.00178075938
    },
    "cOpt": {
        "mean": 0.00311457188,
        "stddev": 0.002034507798920114,
        "median": 0.00224152588
    },
    "stack": {
        "mean": 0.0007713469599999999,
        "stddev": 0.00021596380757931446,
        "median": 0.00073851488
    },
    "phi": {
        "mean": 0.0006621777799999996,
        "stddev": 0.00040543287436164006,
        "median": 0.0006041698799999998
    },
    "opt": {
        "mean": 0.00039238569999999995,
        "stddev": 0.00044180331239713274,
        "median": 0.00034799588
    }
}