{
    "cNoOpt": {
        "mean": 2.67323366884,
        "stddev": 0.534460113178667,
        "median": 2.3742240046400003
    },
    "cOpt": {
        "mean": 0.0005045820399999991,
        "stddev": 1.664408461118975e-05,
        "median": 0.000496347639999999
    },
    "stack": {
        "mean": 0.0005795208399999991,
        "stddev": 3.7384832759496994e-05,
        "median": 0.0005667016399999991
    },
    "phi": {
        "mean": 0.0005628173399999991,
        "stddev": 3.551853152244776e-05,
        "median": 0.0005696406399999991
    },
    "opt": {
        "mean": 0.000570716939999999,
        "stddev": 3.1293878030339746e-05,
        "median": 0.0005635271399999991
    }
}