{
    "cNoOpt": {
        "mean": 0.0012926995900000005,
        "stddev": 0.0006239882945200247,
        "median": 0.0010445686200000002
    },
    "cOpt": {
        "mean": 0.0012223925500000003,
        "stddev": 0.00040778348932798915,
        "median": 0.0011773446200000004
    },
    "stack": {
        "mean": 0.0010968678599999999,
        "stddev": 6.466807207573397e-05,
        "median": 0.0010709551200000006
    },
    "phi": {
        "mean": 0.0013733402500000003,
        "stddev": 0.000660169009750903,
        "median": 0.0011861886200000005
    },
    "opt": {
        "mean": 0.00110627435,
        "stddev": 0.00047179418217720707,
        "median": 0.0010449611200000002
    }
}