{
    "cNoOpt": {
        "mean": 1.3426491251,
        "stddev": 0.06913999885000903,
        "median": 1.308233978
    },
    "cOpt": {
        "mean": 0.686856865,
        "stddev": 0.044823183500523577,
        "median": 0.6682086285
    },
    "stack": {
        "mean": 1.0054135624,
        "stddev": 0.04127728233492294,
        "median": 0.999815574
    },
    "phi": {
        "mean": 0.9993128331,
        "stddev": 0.07965188766412665,
        "median": 0.964329049
    },
    "opt": {
        "mean": 1.1175043671,
        "stddev": 0.2946064285189738,
        "median": 0.981284916
    }
}