{
    "cNoOpt": {
        "mean": 1.1971972241000002,
        "stddev": 0.1319968954468593,
        "median": 1.1126255787
    },
    "cOpt": {
        "mean": 0.1283151773,
        "stddev": 0.005487079784665922,
        "median": 0.1263609292
    },
    "stack": {
        "mean": 0.13371997070000002,
        "stddev": 0.010098393202827563,
        "median": 0.13069722620000002
    },
    "phi": {
        "mean": 0.13841225470000001,
        "stddev": 0.012159790045659046,
        "median": 0.1355724932
    },
    "opt": {
        "mean": 0.1601552339,
        "stddev": 0.016692758642280155,
        "median": 0.1570438352
    }
}