{
    "cNoOpt": {
        "mean": 0.0009025506799999997,
        "stddev": 0.00035920141626025095,
        "median": 0.0008161811199999995
    },
    "cOpt": {
        "mean": 0.0007651269599999999,
        "stddev": 0.0005659752819237882,
        "median": 0.0006779751199999997
    },
    "stack": {
        "mean": 0.0010426952100000002,
        "stddev": 0.0007555124848746155,
        "median": 0.0009296826199999997
    },
    "phi": {
        "mean": 0.0008796523299999996,
        "stddev": 0.0004051963405309115,
        "median": 0.0008328746199999998
    },
    "opt": {
        "mean": 0.0009079374299999997,
        "stddev": 0.000724356037240668,
        "median": 0.0007487436199999998
    }
}