{
    "cNoOpt": {
        "mean": 0.23294117884000004,
        "stddev": 0.005491274644483497,
        "median": 0.23327255664000002
    },
    "cOpt": {
        "mean": 0.11895064814,
        "stddev": 0.0036326180448259214,
        "median": 0.11947050464
    },
    "stack": {
        "mean": 0.13734096824000003,
        "stddev": 0.0076689755543421275,
        "median": 0.13592855364
    },
    "phi": {
        "mean": 0.14456457074,
        "stddev": 0.011845616717524713,
        "median": 0.14077544564
    },
    "opt": {
        "mean": 0.13744758284,
        "stddev": 0.012154894357122041,
        "median": 0.13480186864000002
    }
}