{
    "cNoOpt": {
        "mean": 2.23462717982,
        "stddev": 0.08050435056302296,
        "median": 2.22946138052
    },
    "cOpt": {
        "mean": 0.82205242262,
        "stddev": 0.04715317746147871,
        "median": 0.81534124902
    },
    "stack": {
        "mean": 0.9669332873200001,
        "stddev": 0.039640789757199445,
        "median": 0.96718071652
    },
    "phi": {
        "mean": 0.9473759214199999,
        "stddev": 0.03601290329479282,
        "median": 0.9308857955200001
    },
    "opt": {
        "mean": 0.9124342910200001,
        "stddev": 0.040711261734297274,
        "median": 0.89465683602
    }
}