{
    "cNoOpt": {
        "mean": 0.01224750047,
        "stddev": 0.0007011511301383678,
        "median": 0.012194218120000001
    },
    "cOpt": {
        "mean": 0.004181462519999999,
        "stddev": 0.00017494644761809798,
        "median": 0.00409455662
    },
    "stack": {
        "mean": 0.0036377103600000018,
        "stddev": 0.0001623806063336545,
        "median": 0.0035772671200000002
    },
    "phi": {
        "mean": 0.003598349380000001,
        "stddev": 0.0002753735297844033,
        "median": 0.00356406962
    },
    "opt": {
        "mean": 0.0035954210300000017,
        "stddev": 0.0004956955580826304,
        "median": 0.00352556812
    }
}