{
    "cNoOpt": {
        "mean": 0.7752530308200001,
        "stddev": 0.06144533148173112,
        "median": 0.7500850665200001
    },
    "cOpt": {
        "mean": 0.0011739991200000004,
        "stddev": 1.8816152400412742e-05,
        "median": 0.0011691005200000007
    },
    "stack": {
        "mean": 0.0015647711200000001,
        "stddev": 3.19864874602456e-05,
        "median": 0.0015607815200000003
    },
    "phi": {
        "mean": 0.0017248750200000006,
        "stddev": 0.00021016143420620988,
        "median": 0.0016373480200000002
    },
    "opt": {
        "mean": 0.0016365876200000007,
        "stddev": 0.00016646984959675632,
        "median": 0.0015811780200000007
    }
}