{
    "cNoOpt": {
        "mean": 0.01802739608,
        "stddev": 0.0019686606570690456,
        "median": 0.017589688400000004
    },
    "cOpt": {
        "mean": 0.0003873861510000005,
        "stddev": 0.0007905116311950519,
        "median": 0.00021979140000000057
    },
    "stack": {
        "mean": 0.0003108718000000007,
        "stddev": 0.00048409950851586607,
        "median": 0.0002678509000000008
    },
    "phi": {
        "mean": 0.0006644279000000006,
        "stddev": 0.0013069326443558714,
        "median": 0.0001946779000000006
    },
    "opt": {
        "mean": 0.0007078120500000003,
        "stddev": 0.0006956565168593599,
        "median": 0.0005572414000000006
    }
}