{
    "cNoOpt": {
        "mean": 0.20195034148,
        "stddev": 0.0038972504842681773,
        "median": 0.20225857888
    },
    "cOpt": {
        "mean": 0.06461857128000001,
        "stddev": 0.0016288211260928327,
        "median": 0.06562671787999999
    },
    "stack": {
        "mean": 0.08152288958000001,
        "stddev": 0.0037151246072454126,
        "median": 0.08101389687999999
    },
    "phi": {
        "mean": 0.07702912328,
        "stddev": 0.003190069033460612,
        "median": 0.07573089438
    },
    "opt": {
        "mean": 0.07692582218,
        "stddev": 0.0027162139616621543,
        "median": 0.07577384788
    }
}