{
    "cNoOpt": {
        "mean": 0.00212458563,
        "stddev": 0.0008682342673686624,
        "median": 0.0019116739200000002
    },
    "cOpt": {
        "mean": 0.0017455785799999997,
        "stddev": 0.0006297447311284026,
        "median": 0.0015856354200000002
    },
    "stack": {
        "mean": 0.0017201584099999997,
        "stddev": 0.00042657118505440224,
        "median": 0.0016513094200000002
    },
    "phi": {
        "mean": 0.0019677153499999996,
        "stddev": 0.0006584925272210036,
        "median": 0.0018049214200000002
    },
    "opt": {
        "mean": 0.00179579612,
        "stddev": 0.0005107776374190376,
        "median": 0.0016970449200000002
    }
}