{
    "cNoOpt": {
        "mean": 0.0009460803499999992,
        "stddev": 0.0004705259986053232,
        "median": 0.0008685501799999995
    },
    "cOpt": {
        "mean": 0.0007677190099999993,
        "stddev": 0.0004604872066259417,
        "median": 0.0006808871799999995
    },
    "stack": {
        "mean": 0.0012215150900000001,
        "stddev": 0.0007102768238040103,
        "median": 0.0010615931799999993
    },
    "phi": {
        "mean": 0.0008793656499999998,
        "stddev": 0.00043165038826843645,
        "median": 0.0008416181799999994
    },
    "opt": {
        "mean": 0.0008650273599999994,
        "stddev": 0.0005051864079347021,
        "median": 0.0007435751799999995
    }
}