{
    "cNoOpt": {
        "mean": 0.0006799149500000003,
        "stddev": 0.0006797024570551805,
        "median": 0.0005108116200000002
    },
    "cOpt": {
        "mean": 0.0005682033500000004,
        "stddev": 8.502074049596324e-05,
        "median": 0.0005546051200000005
    },
    "stack": {
        "mean": 0.0005068082800000004,
        "stddev": 0.00047313171032907264,
        "median": 0.00044723612000000033
    },
    "phi": {
        "mean": 0.0007702595800000007,
        "stddev": 0.0005372686646087816,
        "median": 0.0006209916200000005
    },
    "opt": {
        "mean": 0.0005538351800000005,
        "stddev": 0.000502393916295504,
        "median": 0.00046215112000000044
    }
}