{
    "cNoOpt": {
        "mean": 0.0005966289399999995,
        "stddev": 0.0005086273967737393,
        "median": 0.0005166741799999995
    },
    "cOpt": {
        "mean": 0.0006915452899999996,
        "stddev": 0.0007176931333124459,
        "median": 0.0005127151799999995
    },
    "stack": {
        "mean": 0.0006664359099999993,
        "stddev": 9.1706095961182e-05,
        "median": 0.0006767321799999995
    },
    "phi": {
        "mean": 0.0005479531699999994,
        "stddev": 0.0005557620666717207,
        "median": 0.00048213867999999925
    },
    "opt": {
        "mean": 0.0007111704399999991,
        "stddev": 0.0005361611311985921,
        "median": 0.0005984256799999995
    }
}